{
	"dataList":[
		{
			"hostGroup":[
				{
					"env":"local",
					"url":"http://localhost:8082"
				}
			],
			"name":"app_demo"
		},
		{
			"hostGroup":[
				{
					"env":"local",
					"url":"http://localhost:8080"
				}
			],
			"name":"JPapp"
		}
	],
	"envList":[
		"local"
	],
	"headerList":[],
	"maxDescriptionLength":-1,
	"postScript":"",
	"preScript":"",
	"projectList":[
		"app_demo",
		"JPapp"
	],
	"syncModel":{
		"branch":"master",
		"domain":"https://github.com",
		"enabled":false,
		"namingPolicy":"byDoc",
		"owner":"",
		"repo":"",
		"repoUrl":"",
		"syncAfterRun":false,
		"token":"",
		"type":"github"
	},
	"urlEncodedKeyValueList":[],
	"urlParamsKeyValueList":[],
	"urlSuffix":""
}