<?xml version="1.0" encoding="UTF-8" ?>
<!DOCTYPE mapper
        PUBLIC "-//mybatis.org//DTD Mapper 3.0//EN"
        "https://mybatis.org/dtd/mybatis-3-mapper.dtd">

<mapper namespace="com.bjtu.dao.TeacherDao">


    <insert id="insert" parameterType="User" useGeneratedKeys="true" keyProperty="id">
        insert into teacher(id,name,age,email,password,sex) values (#{id}, #{name},#{age},#{email},#{password},#{sex})
    </insert>

    <delete id="deleteByNum" parameterType="string">
        delete from teacher where id = #{num}
    </delete>

    <select id="findAll" resultType="Teacher">
        select * from teacher
    </select>

    <select id="findByNum" resultType="Teacher">
        select * from teacher where id = #{id}
    </select>

    <update id="updateInfo" parameterType="Teacher">
        update teacher set name = #{name},age = #{age},sex = #{sex}
        where id = #{id}
    </update>

    <update id="updatePassword">
        update teacher set password = #{password}
        where id = #{id}
    </update>

    <update id="updateEmail">
        update teacher set email = #{email}
        where id = #{id}
    </update>

    <!--    <select id="findByStudentNum" resultType="student">-->
    <!--        select * from student where sno = #{sno}-->
    <!--    </select>-->

    <!--    <select id="findByTeacherNum" resultType="teacher">-->
    <!--        select * from teacher where tno = #{tno}-->
    <!--    </select>-->

    <!--    <select id="findByAdminNum" resultType="admin">-->
    <!--        select * from admin where id = #{mno}-->
    <!--    </select>-->
</mapper>